Name,Age,Department,Salary,JoiningDate
Alice,30,HR,50000,2020-05-01
Bob,35,Engineering,70000,2018-03-15
Charlie,40,Sales,60000,2016-08-22
David,28,Marketing,45000,2019-07-30
Eva,32,Engineering,72000,2021-01-20
Frank,45,Sales,65000,2015-11-30
Grace,29,HR,52000,2020-02-14
Henry,50,Marketing,48000,2014-04-25
Ivy,26,Engineering,68000,2021-05-10
Jack,33,Sales,61000,2017-06-15
Kelly,27,HR,53000,2019-08-10
Leo,31,Marketing,47000,2018-09-12
Mona,38,Engineering,75000,2017-11-22
Nina,34,Sales,59000,2016-10-01
Oscar,44,HR,51000,2015-12-03
Paul,37,Engineering,71000,2018-01-29
Quincy,39,Sales,63000,2016-03-25
Rachel,25,Marketing,46000,2019-12-05
Steve,36,HR,54000,2018-04-17
Tina,41,Engineering,73000,2015-08-23
Uma,28,Sales,60000,2020-06-19
Victor,42,Marketing,49000,2014-07-30
Wendy,30,HR,55000,2018-11-11
Xander,47,Engineering,74000,2013-02-13
Yara,24,Sales,62000,2021-07-27
Zane,29,Marketing,45000,2020-03-18
Aaron,33,Engineering,76000,2017-04-21
Bella,31,HR,57000,2018-05-09
Cathy,28,Sales,64000,2020-01-15
Daniel,45,Marketing,47000,2015-09-17
Elena,35,Engineering,70000,2019-03-20
Fiona,27,HR,52000,2020-08-30
George,48,Sales,59000,2012-06-05
Hannah,26,Marketing,46000,2021-02-25
Isaac,32,Engineering,75000,2018-12-08
Jenny,38,HR,53000,2017-09-10
Kevin,29,Sales,61000,2020-11-19
Linda,36,Marketing,48000,2016-07-25
Mason,37,Engineering,72000,2018-03-14
Nora,40,HR,55000,2016-05-30
Oliver,31,Sales,62000,2020-10-21
Peter,42,Marketing,49000,2014-11-16
Queen,33,Engineering,76000,2018-02-18
Robert,35,HR,57000,2019-07-09
Sophie,28,Sales,60000,2020-12-12
Tom,45,Marketing,47000,2015-01-29
Ursula,26,Engineering,74000,2021-09-03
Vince,30,HR,51000,2019-05-24
Wanda,39,Sales,64000,2016-08-17
Xenia,34,Marketing,46000,2017-10-27
Yvonne,32,Engineering,70000,2018-06-29
Zach,50,HR,52000,2014-03-15
Abby,31,Sales,59000,2020-04-05
Bruno,28,Marketing,45000,2019-09-18
Cara,38,Engineering,71000,2017-05-14
Dean,33,HR,54000,2018-07-21
Ellie,27,Sales,61000,2021-01-30
Fred,40,Marketing,48000,2016-02-23
Gina,45,Engineering,73000,2015-04-12
Hugh,29,HR,55000,2019-11-26
Iris,37,Sales,62000,2016-09-05
Jill,30,Marketing,49000,2018-12-18
Karl,36,Engineering,76000,2018-05-22
Laura,31,HR,57000,2019-03-11
Matt,28,Sales,60000,2020-08-07
Nelly,42,Marketing,47000,2014-10-24
Otis,35,Engineering,74000,2018-01-13
Paula,33,HR,51000,2020-07-29
Quinn,38,Sales,64000,2017-02-14
Randy,26,Marketing,46000,2021-11-21
Sara,40,Engineering,70000,2015-06-19
Terry,29,HR,52000,2020-02-28
Uma,34,Sales,59000,2016-07-01
Victor,28,Marketing,45000,2019-10-11
Wendy,27,Engineering,71000,2021-03-20
Xander,31,HR,53000,2018-05-07
Yara,35,Sales,61000,2016-01-13
Zane,29,Marketing,48000,2020-11-04
Alice,30,Engineering,75000,2017-08-18
Bob,37,HR,55000,2018-09-30
Charlie,40,Sales,62000,2016-05-24
David,33,Marketing,49000,2019-03-19
Eva,32,Engineering,76000,2020-07-16
Frank,45,HR,57000,2015-02-25
Grace,29,Sales,60000,2020-10-29
Henry,50,Marketing,47000,2014-01-05
Ivy,28,Engineering,74000,2021-08-10
Jack,33,HR,51000,2018-12-25
Kelly,27,Sales,64000,2020-03-02
Leo,31,Marketing,46000,2018-04-17
Mona,38,Engineering,70000,2017-11-11
Nina,34,HR,52000,2018-06-30
Oscar,44,Sales,59000,2016-10-01
Paul,37,Marketing,45000,2019-09-13
Quincy,39,Engineering,71000,2018-01-29
Rachel,25,HR,53000,2020-08-15
Steve,36,Sales,61000,2016-11-17
Tina,41,Marketing,48000,2015-03-21
Uma,28,Engineering,76000,2021-02-28
Victor,42,HR,55000,2014-06-25
Wendy,30,Sales,60000,2020-04-12
Xander,47,Marketing,49000,2013-07-18
Yara,24,Engineering,74000,2021-11-09
Zane,29,HR,51000,2020-05-25
Aaron,33,Sales,64000,2016-08-29
Bella,31,Marketing,46000,2018-10-03
Cathy,28,Engineering,70000,2021-01-19
Daniel,45,HR,52000,2015-04-22
Elena,35,Sales,59000,2016-12-18
Fiona,27,Marketing,45000,2020-09-14
George,48,Engineering,71000,2012-06-30
Hannah,26,HR,54000,2021-06-21
Isaac,32,Sales,61000,2018-08-25
Jenny,38,Marketing,48000,2017-07-11
Kevin,29,Engineering,73000,2020-01-28
Linda,36,HR,55000,2019-03-30
Mason,37,Sales,62000,2018-11-22
Nora,40,Marketing,47000,2016-02-28
Oliver,31,Engineering,76000,2020-06-16
Peter,42,HR,57000,2014-10-20
Queen,33,Sales,60000,2020-07-19
Robert,35,Marketing,49000,2018-11-01
Sophie,28,Engineering,74000,2020-02-22
Tom,45,HR,51000,2015-06-17
Ursula,26,Sales,64000,2021-03-27
Vince,30,Marketing,46000,2019-12-06
Wanda,39,Engineering,70000,2016-07-21
Xenia,34,HR,52000,2017-10-06
Yvonne,32,Sales,59000,2018-02-10
Zach,50,Marketing,45000,2014-08-11
Abby,31,Engineering,71000,2020-05-06
Bruno,28,HR,54000,2019-09-07
Cara,38,Sales,61000,2017-04-13
Dean,33,Marketing,48000,2018-12-14
Ellie,27,Engineering,73000,2021-01-01
Fred,40,HR,55000,2016-03-26
Gina,45,Sales,62000,2015-05-31
Hugh,29,Marketing,47000,2019-11-30
Iris,37,Engineering,76000,2016-08-19
Jill,30,HR,57000,2018-04-09
Karl,36,Sales,60000,2020-07-13
Laura,31,Marketing,49000,2019-05-11
Matt,28,Engineering,74000,2021-09-17
Nelly,42,HR,51000,2014-06-03
Otis,35,Sales,64000,2018-03-20
Paula,33,Marketing,46000,2020-01-04
Quinn,38,Engineering,70000,2017-12-10
Randy,26,HR,52000,2021-11-12
Sara,40,Sales,59000,2016-10-23
Terry,29,Marketing,45000,2019-06-19
Uma,34,Engineering,71000,2021-03-08
Victor,28,HR,54000,2019-09-29
Wendy,27,Sales,61000,2020-01-27
Xander,31,Marketing,48000,2018-11-28
Yara,35,Engineering,73000,2016-01-19
Zane,29,HR,55000,2020-05-15
Alice,30,Sales,62000,2017-06-29
Bob,37,Marketing,47000,2018-04-19
Charlie,40,Engineering,76000,2016-09-24
David,33,HR,57000,2019-12-21
Eva,32,Sales,60000,2020-10-10
Frank,45,Marketing,49000,2015-08-28
Grace,29,Engineering,74000,2021-08-01
Henry,50,HR,51000,2014-03-01
Ivy,28,Sales,64000,2019-11-09
Jack,33,Marketing,46000,2018-02-06
Kelly,27,Engineering,70000,2021-06-04
Leo,31,HR,52000,2018-09-13
Mona,38,Sales,59000,2017-10-21
Nina,34,Marketing,45000,2018-01-23
Oscar,44,Engineering,71000,2016-07-06
Paul,37,HR,54000,2018-12-11
Quincy,39,Sales,61000,2016-05-15
Rachel,25,Marketing,48000,2020-08-24
Steve,36,Engineering,73000,2018-03-28
Tina,41,HR,55000,2015-04-27
Uma,28,Sales,62000,2021-02-11
Victor,42,Marketing,47000,2014-12-29
Wendy,30,Engineering,76000,2020-05-26
Xander,47,HR,57000,2013-10-05
Yara,24,Sales,60000,2021-01-07
Zane,29,Marketing,49000,2020-07-25
Aaron,33,Engineering,74000,2016-11-08
Bella,31,HR,51000,2018-03-18
Cathy,28,Sales,64000,2021-01-28
Daniel,45,Marketing,46000,2015-10-08
Elena,35,Engineering,70000,2019-06-01
Fiona,27,HR,52000,2020-02-06
George,48,Sales,59000,2012-06-17
Hannah,26,Marketing,45000,2021-10-27
Isaac,32,Engineering,71000,2018-11-16
Jenny,38,HR,54000,2017-06-10
Kevin,29,Sales,61000,2020-12-15
Linda,36,Marketing,48000,2016-09-11
Mason,37,Engineering,73000,2018-03-03
Nora,40,HR,55000,2016-05-07
Oliver,31,Sales,62000,2020-08-30
Peter,42,Marketing,47000,2014-01-27
Queen,33,Engineering,76000,2018-02-02
Robert,35,HR,57000,2019-10-19
Sophie,28,Sales,60000,2020-12-21
Tom,45,Marketing,49000,2015-09-09
Ursula,26,Engineering,74000,2021-04-14
Vince,30,HR,51000,2019-06-27
Wanda,39,Sales,64000,2016-08-07
Xenia,34,Marketing,46000,2017-10-19
Yvonne,32,Engineering,70000,2018-07-31
Zach,50,HR,52000,2014-05-20
Abby,31,Sales,59000,2020-04-30
Bruno,28,Marketing,45000,2019-10-03
Cara,38,Engineering,71000,2017-05-19
Dean,33,HR,54000,2018-07-28
Ellie,27,Sales,61000,2021-01-30
Fred,40,Marketing,48000,2016-02-23
Gina,45,Engineering,73000,2015-04-12
Hugh,29,HR,55000,2019-11-26
Iris,37,Sales,62000,2016-09-05
Jill,30,Marketing,49000,2018-12-18
Karl,36,Engineering,76000,2018-05-22
Laura,31,HR,57000,2019-03-11
Matt,28,Sales,60000,2020-08-07
Nelly,42,Marketing,47000,2014-10-24
Otis,35,Engineering,74000,2018-01-13
Paula,33,HR,51000,2020-07-29
Quinn,38,Sales,64000,2017-02-14
Randy,26,Marketing,46000,2021-11-21
Sara,40,Engineering,70000,2015-06-19
Terry,29,HR,52000,2020-02-28
Uma,34,Sales,59000,2016-07-01
Victor,28,Marketing,45000,2019-10-11
Wendy,27,Engineering,71000,2021-03-20
Xander,31,HR,53000,2018-05-07
Yara,35,Sales,61000,2016-01-13
Zane,29,Marketing,48000,2020-11-04